timestamp,mac,nivel,cpu,ram,disco,CPU_acima_limite,RAM_acima_limite,DISCO_acima_limite,qtd_processos,resumo
2025-10-07 12:00:15,TOTEM32,OK,45.6%,66.6%,71.5%,NAO,NAO,NAO,191,TODOS OS PARÂMETROS DENTRO DO LIMITE.
2025-10-07 12:44:15,TOTEM31,PERIGOSO,85.8%,64.5%,98.2%,SIM,NAO,SIM,209,LIMITES EXCEDIDOS
2025-10-07 12:44:45,TOTEM15,PERIGOSO,95.6%,39.8%,95.7%,SIM,NAO,SIM,90,LIMITES EXCEDIDOS
2025-10-07 12:45:45,TOTEM19,MUITO_PERIGOSO,89.6%,91.6%,94.3%,SIM,SIM,SIM,207,LIMITES EXCEDIDOS
2025-10-07 12:00:30,TOTEM26,OK,29.4%,11.2%,43.4%,NAO,NAO,NAO,206,TODOS OS PARÂMETROS DENTRO DO LIMITE.
2025-10-07 12:26:30,TOTEM14,ATENCAO,10.3%,10.5%,93.1%,NAO,NAO,SIM,168,LIMITES EXCEDIDOS
2025-10-07 12:42:15,TOTEM22,PERIGOSO,95.0%,85.0%,17.3%,SIM,SIM,NAO,164,LIMITES EXCEDIDOS
2025-10-07 12:30:30,TOTEM35,ATENCAO,62.5%,93.9%,37.3%,NAO,SIM,NAO,81,LIMITES EXCEDIDOS
2025-10-07 12:48:15,TOTEM24,MUITO_PERIGOSO,90.1%,92.9%,95.9%,SIM,SIM,SIM,128,LIMITES EXCEDIDOS
2025-10-07 12:21:00,TOTEM37,ATENCAO,86.3%,10.0%,72.5%,SIM,NAO,NAO,92,LIMITES EXCEDIDOS
2025-10-07 12:12:30,TOTEM31,OK,59.3%,55.8%,69.4%,NAO,NAO,NAO,89,TODOS OS PARÂMETROS DENTRO DO LIMITE.
2025-10-07 12:18:00,TOTEM19,OK,14.0%,63.4%,22.0%,NAO,NAO,NAO,178,TODOS OS PARÂMETROS DENTRO DO LIMITE.
2025-10-07 12:15:30,TOTEM21,OK,65.8%,62.0%,57.2%,NAO,NAO,NAO,111,TODOS OS PARÂMETROS DENTRO DO LIMITE.
2025-10-07 12:13:15,TOTEM20,OK,37.6%,16.2%,28.0%,NAO,NAO,NAO,113,TODOS OS PARÂMETROS DENTRO DO LIMITE.
2025-10-07 12:30:15,TOTEM11,ATENCAO,57.6%,7.6%,97.5%,NAO,NAO,SIM,221,LIMITES EXCEDIDOS
2025-10-07 12:03:45,TOTEM04,OK,40.5%,44.9%,43.3%,NAO,NAO,NAO,208,TODOS OS PARÂMETROS DENTRO DO LIMITE.
2025-10-07 12:22:45,TOTEM32,ATENCAO,32.2%,57.9%,91.7%,NAO,NAO,SIM,124,LIMITES EXCEDIDOS
2025-10-07 12:27:00,TOTEM22,ATENCAO,88.5%,20.4%,47.1%,SIM,NAO,NAO,121,LIMITES EXCEDIDOS
2025-10-07 12:30:00,TOTEM13,ATENCAO,62.1%,87.5%,74.8%,NAO,SIM,NAO,238,LIMITES EXCEDIDOS
2025-10-07 12:11:15,TOTEM28,OK,6.7%,34.3%,7.4%,NAO,NAO,NAO,244,TODOS OS PARÂMETROS DENTRO DO LIMITE.
2025-10-07 12:22:30,TOTEM09,ATENCAO,53.9%,85.1%,53.0%,NAO,SIM,NAO,210,LIMITES EXCEDIDOS
2025-10-07 12:37:00,TOTEM29,PERIGOSO,36.3%,86.2%,97.8%,NAO,SIM,SIM,200,LIMITES EXCEDIDOS
2025-10-07 12:01:45,TOTEM05,OK,37.2%,55.6%,76.6%,NAO,NAO,NAO,191,TODOS OS PARÂMETROS DENTRO DO LIMITE.
2025-10-07 12:40:45,TOTEM01,PERIGOSO,92.5%,92.1%,76.9%,SIM,SIM,NAO,160,LIMITES EXCEDIDOS
2025-10-07 12:48:45,TOTEM08,MUITO_PERIGOSO,97.4%,88.8%,95.8%,SIM,SIM,SIM,227,LIMITES EXCEDIDOS
2025-10-07 12:41:00,TOTEM03,PERIGOSO,95.8%,15.0%,95.0%,SIM,NAO,SIM,128,LIMITES EXCEDIDOS
2025-10-07 12:34:45,TOTEM13,ATENCAO,90.0%,39.9%,55.8%,SIM,NAO,NAO,231,LIMITES EXCEDIDOS
2025-10-07 12:46:30,TOTEM28,MUITO_PERIGOSO,93.4%,84.4%,98.8%,SIM,SIM,SIM,209,LIMITES EXCEDIDOS
2025-10-07 12:21:30,TOTEM04,ATENCAO,59.2%,47.3%,92.9%,NAO,NAO,SIM,140,LIMITES EXCEDIDOS
2025-10-07 12:04:30,TOTEM08,OK,42.4%,50.0%,20.0%,NAO,NAO,NAO,91,TODOS OS PARÂMETROS DENTRO DO LIMITE.
2025-10-07 12:05:30,TOTEM28,OK,65.5%,46.5%,66.5%,NAO,NAO,NAO,235,TODOS OS PARÂMETROS DENTRO DO LIMITE.
2025-10-07 12:27:15,TOTEM25,ATENCAO,85.2%,31.7%,13.4%,SIM,NAO,NAO,205,LIMITES EXCEDIDOS
2025-10-07 12:23:00,TOTEM20,ATENCAO,85.4%,38.0%,62.2%,SIM,NAO,NAO,100,LIMITES EXCEDIDOS
2025-10-07 12:04:15,TOTEM07,OK,18.1%,32.6%,6.1%,NAO,NAO,NAO,176,TODOS OS PARÂMETROS DENTRO DO LIMITE.
2025-10-07 12:44:00,TOTEM03,PERIGOSO,38.0%,84.6%,93.1%,NAO,SIM,SIM,120,LIMITES EXCEDIDOS
2025-10-07 12:16:30,TOTEM07,OK,53.5%,45.5%,68.0%,NAO,NAO,NAO,244,TODOS OS PARÂMETROS DENTRO DO LIMITE.
2025-10-07 12:14:00,TOTEM39,OK,69.4%,29.1%,38.6%,NAO,NAO,NAO,172,TODOS OS PARÂMETROS DENTRO DO LIMITE.
2025-10-07 12:26:45,TOTEM28,ATENCAO,27.1%,89.0%,51.9%,NAO,SIM,NAO,113,LIMITES EXCEDIDOS
2025-10-07 12:43:45,TOTEM38,PERIGOSO,85.7%,52.2%,91.7%,SIM,NAO,SIM,227,LIMITES EXCEDIDOS
2025-10-07 12:17:45,TOTEM31,OK,34.6%,46.9%,8.4%,NAO,NAO,NAO,81,TODOS OS PARÂMETROS DENTRO DO LIMITE.
2025-10-07 12:36:15,TOTEM02,PERIGOSO,86.5%,55.0%,96.8%,SIM,NAO,SIM,104,LIMITES EXCEDIDOS
2025-10-07 12:29:00,TOTEM01,ATENCAO,30.4%,59.3%,94.5%,NAO,NAO,SIM,147,LIMITES EXCEDIDOS
2025-10-07 12:00:00,TOTEM03,OK,29.0%,50.4%,12.2%,NAO,NAO,NAO,233,TODOS OS PARÂMETROS DENTRO DO LIMITE.
2025-10-07 12:44:30,TOTEM01,PERIGOSO,91.7%,93.3%,20.8%,SIM,SIM,NAO,235,LIMITES EXCEDIDOS
2025-10-07 12:37:15,TOTEM34,PERIGOSO,94.0%,61.7%,92.3%,SIM,NAO,SIM,117,LIMITES EXCEDIDOS
2025-10-07 12:35:00,TOTEM34,PERIGOSO,89.9%,5.5%,96.5%,SIM,NAO,SIM,233,LIMITES EXCEDIDOS
2025-10-07 12:24:30,TOTEM08,ATENCAO,47.0%,84.0%,46.0%,NAO,SIM,NAO,186,LIMITES EXCEDIDOS
2025-10-07 12:04:45,TOTEM06,OK,47.1%,9.8%,57.8%,NAO,NAO,NAO,116,TODOS OS PARÂMETROS DENTRO DO LIMITE.
2025-10-07 12:38:15,TOTEM26,PERIGOSO,86.1%,95.9%,72.8%,SIM,SIM,NAO,179,LIMITES EXCEDIDOS
2025-10-07 12:39:00,TOTEM11,PERIGOSO,42.2%,91.7%,91.0%,NAO,SIM,SIM,173,LIMITES EXCEDIDOS
2025-10-07 12:40:15,TOTEM29,PERIGOSO,59.0%,92.6%,96.6%,NAO,SIM,SIM,148,LIMITES EXCEDIDOS
2025-10-07 12:10:30,TOTEM34,OK,7.5%,9.2%,60.2%,NAO,NAO,NAO,106,TODOS OS PARÂMETROS DENTRO DO LIMITE.
2025-10-07 12:14:15,TOTEM06,OK,12.1%,13.3%,36.2%,NAO,NAO,NAO,169,TODOS OS PARÂMETROS DENTRO DO LIMITE.
2025-10-07 12:23:45,TOTEM14,ATENCAO,59.4%,11.6%,95.1%,NAO,NAO,SIM,189,LIMITES EXCEDIDOS
2025-10-07 12:31:00,TOTEM27,ATENCAO,92.7%,20.9%,60.2%,SIM,NAO,NAO,195,LIMITES EXCEDIDOS
2025-10-07 12:07:15,TOTEM17,OK,69.5%,59.1%,12.9%,NAO,NAO,NAO,211,TODOS OS PARÂMETROS DENTRO DO LIMITE.
2025-10-07 12:45:15,TOTEM40,MUITO_PERIGOSO,89.5%,87.9%,98.9%,SIM,SIM,SIM,192,LIMITES EXCEDIDOS
2025-10-07 12:47:15,TOTEM13,MUITO_PERIGOSO,91.9%,92.4%,97.9%,SIM,SIM,SIM,119,LIMITES EXCEDIDOS
2025-10-07 12:28:15,TOTEM15,ATENCAO,21.6%,84.0%,23.7%,NAO,SIM,NAO,197,LIMITES EXCEDIDOS
2025-10-07 12:35:45,TOTEM38,PERIGOSO,67.6%,85.0%,98.9%,NAO,SIM,SIM,110,LIMITES EXCEDIDOS
2025-10-07 12:02:00,TOTEM03,OK,28.3%,46.9%,70.5%,NAO,NAO,NAO,119,TODOS OS PARÂMETROS DENTRO DO LIMITE.
2025-10-07 12:39:45,TOTEM29,PERIGOSO,83.8%,90.1%,53.5%,SIM,SIM,NAO,235,LIMITES EXCEDIDOS
2025-10-07 12:19:15,TOTEM14,OK,10.8%,11.1%,67.1%,NAO,NAO,NAO,159,TODOS OS PARÂMETROS DENTRO DO LIMITE.
2025-10-07 12:35:30,TOTEM16,PERIGOSO,89.3%,64.4%,96.2%,SIM,NAO,SIM,153,LIMITES EXCEDIDOS
2025-10-07 12:17:30,TOTEM23,OK,47.4%,41.0%,35.3%,NAO,NAO,NAO,123,TODOS OS PARÂMETROS DENTRO DO LIMITE.
2025-10-07 12:02:45,TOTEM17,OK,60.7%,30.1%,58.4%,NAO,NAO,NAO,103,TODOS OS PARÂMETROS DENTRO DO LIMITE.
2025-10-07 12:21:45,TOTEM30,ATENCAO,17.3%,87.3%,20.8%,NAO,SIM,NAO,220,LIMITES EXCEDIDOS
2025-10-07 12:31:45,TOTEM26,ATENCAO,91.6%,41.2%,34.3%,SIM,NAO,NAO,235,LIMITES EXCEDIDOS
2025-10-07 12:49:30,TOTEM28,MUITO_PERIGOSO,97.7%,92.4%,95.0%,SIM,SIM,SIM,176,LIMITES EXCEDIDOS
2025-10-07 12:01:00,TOTEM12,OK,62.8%,38.9%,12.7%,NAO,NAO,NAO,229,TODOS OS PARÂMETROS DENTRO DO LIMITE.
2025-10-07 12:30:45,TOTEM07,ATENCAO,52.9%,54.3%,92.9%,NAO,NAO,SIM,82,LIMITES EXCEDIDOS
2025-10-07 12:41:30,TOTEM38,PERIGOSO,89.4%,38.6%,96.1%,SIM,NAO,SIM,222,LIMITES EXCEDIDOS
2025-10-07 12:09:00,TOTEM07,OK,48.4%,57.5%,54.3%,NAO,NAO,NAO,137,TODOS OS PARÂMETROS DENTRO DO LIMITE.
2025-10-07 12:05:15,TOTEM31,OK,53.5%,36.6%,46.2%,NAO,NAO,NAO,189,TODOS OS PARÂMETROS DENTRO DO LIMITE.
2025-10-07 12:49:45,TOTEM02,MUITO_PERIGOSO,86.2%,94.0%,95.2%,SIM,SIM,SIM,156,LIMITES EXCEDIDOS
2025-10-07 12:49:15,TOTEM30,MUITO_PERIGOSO,95.7%,89.1%,93.8%,SIM,SIM,SIM,133,LIMITES EXCEDIDOS
2025-10-07 12:46:15,TOTEM21,MUITO_PERIGOSO,90.2%,87.8%,94.2%,SIM,SIM,SIM,226,LIMITES EXCEDIDOS
2025-10-07 12:06:15,TOTEM05,OK,14.1%,57.3%,31.9%,NAO,NAO,NAO,173,TODOS OS PARÂMETROS DENTRO DO LIMITE.
2025-10-07 12:12:15,TOTEM07,OK,66.8%,38.1%,58.0%,NAO,NAO,NAO,221,TODOS OS PARÂMETROS DENTRO DO LIMITE.
2025-10-07 12:01:15,TOTEM04,OK,63.4%,26.5%,44.7%,NAO,NAO,NAO,192,TODOS OS PARÂMETROS DENTRO DO LIMITE.
2025-10-07 12:20:15,TOTEM13,ATENCAO,95.0%,6.4%,65.5%,SIM,NAO,NAO,134,LIMITES EXCEDIDOS
2025-10-07 12:15:45,TOTEM25,OK,23.4%,30.4%,68.9%,NAO,NAO,NAO,226,TODOS OS PARÂMETROS DENTRO DO LIMITE.
2025-10-07 12:11:30,TOTEM26,OK,27.9%,56.6%,21.2%,NAO,NAO,NAO,111,TODOS OS PARÂMETROS DENTRO DO LIMITE.
2025-10-07 12:01:30,TOTEM11,OK,62.0%,22.4%,59.6%,NAO,NAO,NAO,234,TODOS OS PARÂMETROS DENTRO DO LIMITE.
2025-10-07 12:36:45,TOTEM11,PERIGOSO,95.8%,88.2%,57.5%,SIM,SIM,NAO,232,LIMITES EXCEDIDOS
2025-10-07 12:15:15,TOTEM34,OK,38.8%,61.9%,22.2%,NAO,NAO,NAO,141,TODOS OS PARÂMETROS DENTRO DO LIMITE.
2025-10-07 12:41:45,TOTEM37,PERIGOSO,94.5%,84.7%,15.3%,SIM,SIM,NAO,122,LIMITES EXCEDIDOS
2025-10-07 12:27:45,TOTEM23,ATENCAO,29.7%,45.4%,94.5%,NAO,NAO,SIM,237,LIMITES EXCEDIDOS
2025-10-07 12:17:15,TOTEM19,OK,15.6%,59.3%,49.6%,NAO,NAO,NAO,102,TODOS OS PARÂMETROS DENTRO DO LIMITE.
2025-10-07 12:17:00,TOTEM27,OK,47.1%,62.9%,20.6%,NAO,NAO,NAO,178,TODOS OS PARÂMETROS DENTRO DO LIMITE.
2025-10-07 12:34:15,TOTEM11,ATENCAO,83.5%,64.6%,22.2%,SIM,NAO,NAO,103,LIMITES EXCEDIDOS
2025-10-07 12:31:30,TOTEM34,ATENCAO,85.6%,59.0%,68.3%,SIM,NAO,NAO,149,LIMITES EXCEDIDOS
2025-10-07 12:03:00,TOTEM14,OK,65.8%,31.2%,49.6%,NAO,NAO,NAO,184,TODOS OS PARÂMETROS DENTRO DO LIMITE.
2025-10-07 12:15:00,TOTEM22,OK,50.8%,5.9%,30.1%,NAO,NAO,NAO,155,TODOS OS PARÂMETROS DENTRO DO LIMITE.
2025-10-07 12:33:45,TOTEM35,ATENCAO,18.0%,85.8%,15.4%,NAO,SIM,NAO,248,LIMITES EXCEDIDOS
2025-10-07 12:27:30,TOTEM12,ATENCAO,87.2%,29.3%,6.6%,SIM,NAO,NAO,114,LIMITES EXCEDIDOS
2025-10-07 12:43:00,TOTEM37,PERIGOSO,90.0%,86.5%,22.5%,SIM,SIM,NAO,230,LIMITES EXCEDIDOS
2025-10-07 12:25:00,TOTEM07,ATENCAO,19.8%,22.9%,95.9%,NAO,NAO,SIM,151,LIMITES EXCEDIDOS
2025-10-07 12:23:15,TOTEM39,ATENCAO,27.6%,90.6%,77.3%,NAO,SIM,NAO,161,LIMITES EXCEDIDOS
2025-10-07 12:43:30,TOTEM06,PERIGOSO,39.4%,92.2%,92.0%,NAO,SIM,SIM,157,LIMITES EXCEDIDOS
2025-10-07 12:38:45,TOTEM22,PERIGOSO,96.0%,33.3%,95.7%,SIM,NAO,SIM,201,LIMITES EXCEDIDOS
2025-10-07 12:13:45,TOTEM17,OK,8.0%,15.8%,33.6%,NAO,NAO,NAO,219,TODOS OS PARÂMETROS DENTRO DO LIMITE.
2025-10-07 12:48:00,TOTEM21,MUITO_PERIGOSO,94.0%,96.5%,99.0%,SIM,SIM,SIM,124,LIMITES EXCEDIDOS
2025-10-07 12:09:15,TOTEM17,OK,45.6%,25.9%,65.0%,NAO,NAO,NAO,185,TODOS OS PARÂMETROS DENTRO DO LIMITE.
2025-10-07 12:25:30,TOTEM03,ATENCAO,60.4%,17.3%,94.7%,NAO,NAO,SIM,225,LIMITES EXCEDIDOS
2025-10-07 12:12:00,TOTEM29,OK,44.0%,22.3%,42.1%,NAO,NAO,NAO,184,TODOS OS PARÂMETROS DENTRO DO LIMITE.
2025-10-07 12:24:00,TOTEM37,ATENCAO,69.7%,38.3%,93.7%,NAO,NAO,SIM,81,LIMITES EXCEDIDOS
2025-10-07 12:47:45,TOTEM31,MUITO_PERIGOSO,97.9%,91.7%,96.2%,SIM,SIM,SIM,89,LIMITES EXCEDIDOS
2025-10-07 12:08:45,TOTEM06,OK,18.7%,7.8%,34.8%,NAO,NAO,NAO,108,TODOS OS PARÂMETROS DENTRO DO LIMITE.
2025-10-07 12:29:15,TOTEM10,ATENCAO,54.3%,90.0%,56.0%,NAO,SIM,NAO,215,LIMITES EXCEDIDOS
2025-10-07 12:36:00,TOTEM17,PERIGOSO,82.4%,90.7%,68.4%,SIM,SIM,NAO,132,LIMITES EXCEDIDOS
2025-10-07 12:26:15,TOTEM11,ATENCAO,85.4%,43.4%,10.5%,SIM,NAO,NAO,100,LIMITES EXCEDIDOS
2025-10-07 12:02:30,TOTEM09,OK,62.5%,26.9%,58.8%,NAO,NAO,NAO,207,TODOS OS PARÂMETROS DENTRO DO LIMITE.
2025-10-07 12:20:30,TOTEM18,ATENCAO,7.2%,87.0%,38.8%,NAO,SIM,NAO,245,LIMITES EXCEDIDOS
2025-10-07 12:13:00,TOTEM34,OK,5.5%,63.9%,23.7%,NAO,NAO,NAO,160,TODOS OS PARÂMETROS DENTRO DO LIMITE.
2025-10-07 12:47:30,TOTEM32,MUITO_PERIGOSO,82.6%,84.3%,95.4%,SIM,SIM,SIM,151,LIMITES EXCEDIDOS
2025-10-07 12:12:45,TOTEM02,OK,53.5%,60.8%,53.8%,NAO,NAO,NAO,119,TODOS OS PARÂMETROS DENTRO DO LIMITE.
2025-10-07 12:09:45,TOTEM02,OK,63.7%,16.6%,70.0%,NAO,NAO,NAO,99,TODOS OS PARÂMETROS DENTRO DO LIMITE.
2025-10-07 12:16:45,TOTEM23,OK,67.8%,20.7%,73.1%,NAO,NAO,NAO,236,TODOS OS PARÂMETROS DENTRO DO LIMITE.
2025-10-07 12:08:00,TOTEM32,OK,52.0%,34.1%,11.6%,NAO,NAO,NAO,219,TODOS OS PARÂMETROS DENTRO DO LIMITE.
2025-10-07 12:35:15,TOTEM02,PERIGOSO,88.4%,45.2%,95.8%,SIM,NAO,SIM,161,LIMITES EXCEDIDOS
2025-10-07 12:13:30,TOTEM08,OK,47.5%,6.9%,64.9%,NAO,NAO,NAO,148,TODOS OS PARÂMETROS DENTRO DO LIMITE.
2025-10-07 12:29:30,TOTEM13,ATENCAO,60.1%,48.3%,93.3%,NAO,NAO,SIM,93,LIMITES EXCEDIDOS
2025-10-07 12:10:15,TOTEM26,OK,25.4%,11.7%,11.5%,NAO,NAO,NAO,82,TODOS OS PARÂMETROS DENTRO DO LIMITE.
2025-10-07 12:02:15,TOTEM37,OK,33.8%,7.5%,5.2%,NAO,NAO,NAO,111,TODOS OS PARÂMETROS DENTRO DO LIMITE.
2025-10-07 12:33:00,TOTEM21,ATENCAO,17.6%,53.3%,91.8%,NAO,NAO,SIM,227,LIMITES EXCEDIDOS
2025-10-07 12:32:15,TOTEM24,ATENCAO,85.0%,39.1%,32.7%,SIM,NAO,NAO,176,LIMITES EXCEDIDOS
2025-10-07 12:46:00,TOTEM39,MUITO_PERIGOSO,93.8%,90.9%,94.9%,SIM,SIM,SIM,96,LIMITES EXCEDIDOS
2025-10-07 12:00:45,TOTEM09,OK,42.4%,29.5%,8.7%,NAO,NAO,NAO,95,TODOS OS PARÂMETROS DENTRO DO LIMITE.
2025-10-07 12:16:15,TOTEM37,OK,21.2%,57.0%,65.6%,NAO,NAO,NAO,195,TODOS OS PARÂMETROS DENTRO DO LIMITE.
2025-10-07 12:09:30,TOTEM27,OK,18.3%,33.4%,67.5%,NAO,NAO,NAO,204,TODOS OS PARÂMETROS DENTRO DO LIMITE.
2025-10-07 12:33:30,TOTEM26,ATENCAO,86.0%,53.8%,43.3%,SIM,NAO,NAO,117,LIMITES EXCEDIDOS
2025-10-07 12:38:00,TOTEM31,PERIGOSO,92.6%,35.0%,91.7%,SIM,NAO,SIM,250,LIMITES EXCEDIDOS
2025-10-07 12:32:30,TOTEM38,ATENCAO,82.1%,46.4%,48.3%,SIM,NAO,NAO,250,LIMITES EXCEDIDOS
2025-10-07 12:07:45,TOTEM26,OK,41.5%,40.3%,76.5%,NAO,NAO,NAO,82,TODOS OS PARÂMETROS DENTRO DO LIMITE.
2025-10-07 12:34:00,TOTEM18,ATENCAO,93.9%,45.3%,8.7%,SIM,NAO,NAO,122,LIMITES EXCEDIDOS
2025-10-07 12:22:15,TOTEM20,ATENCAO,36.2%,91.1%,50.5%,NAO,SIM,NAO,82,LIMITES EXCEDIDOS
2025-10-07 12:34:30,TOTEM15,ATENCAO,52.9%,82.7%,75.6%,NAO,SIM,NAO,233,LIMITES EXCEDIDOS
2025-10-07 12:11:00,TOTEM19,OK,52.5%,6.9%,5.8%,NAO,NAO,NAO,85,TODOS OS PARÂMETROS DENTRO DO LIMITE.
2025-10-07 12:47:00,TOTEM05,MUITO_PERIGOSO,83.4%,82.8%,92.1%,SIM,SIM,SIM,107,LIMITES EXCEDIDOS
2025-10-07 12:10:00,TOTEM29,OK,58.5%,67.9%,54.1%,NAO,NAO,NAO,214,TODOS OS PARÂMETROS DENTRO DO LIMITE.
2025-10-07 12:36:30,TOTEM19,PERIGOSO,85.1%,55.6%,94.6%,SIM,NAO,SIM,143,LIMITES EXCEDIDOS
2025-10-07 12:08:30,TOTEM21,OK,60.6%,31.9%,9.4%,NAO,NAO,NAO,242,TODOS OS PARÂMETROS DENTRO DO LIMITE.
2025-10-07 12:49:00,TOTEM20,MUITO_PERIGOSO,84.5%,97.2%,96.4%,SIM,SIM,SIM,149,LIMITES EXCEDIDOS
2025-10-07 12:06:00,TOTEM13,OK,21.7%,36.6%,39.7%,NAO,NAO,NAO,156,TODOS OS PARÂMETROS DENTRO DO LIMITE.
2025-10-07 12:18:30,TOTEM23,OK,66.9%,37.9%,67.6%,NAO,NAO,NAO,224,TODOS OS PARÂMETROS DENTRO DO LIMITE.
2025-10-07 12:40:00,TOTEM38,PERIGOSO,86.7%,94.1%,23.3%,SIM,SIM,NAO,227,LIMITES EXCEDIDOS
2025-10-07 12:24:15,TOTEM02,ATENCAO,82.3%,39.3%,39.4%,SIM,NAO,NAO,141,LIMITES EXCEDIDOS
2025-10-07 12:39:15,TOTEM29,PERIGOSO,66.8%,91.0%,96.6%,NAO,SIM,SIM,132,LIMITES EXCEDIDOS
2025-10-07 12:14:30,TOTEM18,OK,43.6%,49.9%,79.5%,NAO,NAO,NAO,224,TODOS OS PARÂMETROS DENTRO DO LIMITE.
2025-10-07 12:32:00,TOTEM37,ATENCAO,68.1%,52.5%,93.5%,NAO,NAO,SIM,116,LIMITES EXCEDIDOS
2025-10-07 12:05:45,TOTEM02,OK,10.7%,55.1%,53.9%,NAO,NAO,NAO,128,TODOS OS PARÂMETROS DENTRO DO LIMITE.
2025-10-07 12:42:00,TOTEM16,PERIGOSO,88.4%,94.6%,39.3%,SIM,SIM,NAO,109,LIMITES EXCEDIDOS
2025-10-07 12:43:15,TOTEM06,PERIGOSO,95.8%,89.6%,29.0%,SIM,SIM,NAO,120,LIMITES EXCEDIDOS
2025-10-07 12:28:30,TOTEM24,ATENCAO,58.8%,91.8%,55.8%,NAO,SIM,NAO,240,LIMITES EXCEDIDOS
2025-10-07 12:45:00,TOTEM17,MUITO_PERIGOSO,94.1%,82.6%,98.8%,SIM,SIM,SIM,217,LIMITES EXCEDIDOS
2025-10-07 12:37:45,TOTEM13,PERIGOSO,93.2%,61.4%,93.2%,SIM,NAO,SIM,188,LIMITES EXCEDIDOS
2025-10-07 12:20:00,TOTEM18,ATENCAO,89.6%,19.1%,66.1%,SIM,NAO,NAO,196,LIMITES EXCEDIDOS
2025-10-07 12:24:45,TOTEM16,ATENCAO,46.3%,45.8%,92.7%,NAO,NAO,SIM,176,LIMITES EXCEDIDOS
2025-10-07 12:41:15,TOTEM28,PERIGOSO,94.8%,90.2%,46.1%,SIM,SIM,NAO,181,LIMITES EXCEDIDOS
2025-10-07 12:08:15,TOTEM28,OK,10.3%,26.5%,8.2%,NAO,NAO,NAO,222,TODOS OS PARÂMETROS DENTRO DO LIMITE.
2025-10-07 12:23:30,TOTEM02,ATENCAO,39.2%,53.8%,96.9%,NAO,NAO,SIM,234,LIMITES EXCEDIDOS
2025-10-07 12:29:45,TOTEM03,ATENCAO,57.1%,91.0%,11.9%,NAO,SIM,NAO,188,LIMITES EXCEDIDOS
2025-10-07 12:39:30,TOTEM38,PERIGOSO,94.1%,93.5%,29.7%,SIM,SIM,NAO,195,LIMITES EXCEDIDOS
2025-10-07 12:06:45,TOTEM12,OK,43.6%,39.3%,8.6%,NAO,NAO,NAO,126,TODOS OS PARÂMETROS DENTRO DO LIMITE.
2025-10-07 12:42:45,TOTEM01,PERIGOSO,88.6%,93.4%,59.2%,SIM,SIM,NAO,125,LIMITES EXCEDIDOS
2025-10-07 12:06:30,TOTEM07,OK,25.1%,56.7%,22.7%,NAO,NAO,NAO,198,TODOS OS PARÂMETROS DENTRO DO LIMITE.
2025-10-07 12:22:00,TOTEM38,ATENCAO,37.7%,38.0%,93.1%,NAO,NAO,SIM,98,LIMITES EXCEDIDOS
2025-10-07 12:14:45,TOTEM23,OK,14.8%,20.9%,18.8%,NAO,NAO,NAO,245,TODOS OS PARÂMETROS DENTRO DO LIMITE.
2025-10-07 12:04:00,TOTEM33,OK,13.4%,54.7%,16.6%,NAO,NAO,NAO,81,TODOS OS PARÂMETROS DENTRO DO LIMITE.
2025-10-07 12:18:15,TOTEM36,OK,39.5%,44.5%,12.6%,NAO,NAO,NAO,153,TODOS OS PARÂMETROS DENTRO DO LIMITE.
2025-10-07 12:33:15,TOTEM30,ATENCAO,8.9%,21.2%,91.7%,NAO,NAO,SIM,150,LIMITES EXCEDIDOS
2025-10-07 12:40:30,TOTEM23,PERIGOSO,84.0%,14.2%,94.1%,SIM,NAO,SIM,85,LIMITES EXCEDIDOS
2025-10-07 12:42:30,TOTEM11,PERIGOSO,84.2%,68.7%,95.1%,SIM,NAO,SIM,184,LIMITES EXCEDIDOS
2025-10-07 12:45:30,TOTEM16,MUITO_PERIGOSO,84.6%,83.0%,97.3%,SIM,SIM,SIM,153,LIMITES EXCEDIDOS
2025-10-07 12:11:45,TOTEM27,OK,12.1%,28.2%,77.1%,NAO,NAO,NAO,107,TODOS OS PARÂMETROS DENTRO DO LIMITE.
2025-10-07 12:07:00,TOTEM20,OK,16.6%,66.0%,49.2%,NAO,NAO,NAO,128,TODOS OS PARÂMETROS DENTRO DO LIMITE.
2025-10-07 12:07:30,TOTEM24,OK,54.2%,21.6%,16.6%,NAO,NAO,NAO,212,TODOS OS PARÂMETROS DENTRO DO LIMITE.
2025-10-07 12:48:30,TOTEM05,MUITO_PERIGOSO,92.2%,96.7%,93.6%,SIM,SIM,SIM,190,LIMITES EXCEDIDOS
2025-10-07 12:28:45,TOTEM39,ATENCAO,5.5%,95.0%,10.3%,NAO,SIM,NAO,216,LIMITES EXCEDIDOS
2025-10-07 12:03:30,TOTEM15,OK,19.1%,29.9%,79.2%,NAO,NAO,NAO,137,TODOS OS PARÂMETROS DENTRO DO LIMITE.
2025-10-07 12:26:00,TOTEM22,ATENCAO,91.8%,12.6%,6.6%,SIM,NAO,NAO,222,LIMITES EXCEDIDOS
2025-10-07 12:21:15,TOTEM38,ATENCAO,63.0%,85.3%,58.4%,NAO,SIM,NAO,176,LIMITES EXCEDIDOS
2025-10-07 12:19:00,TOTEM03,OK,67.3%,14.8%,51.5%,NAO,NAO,NAO,214,TODOS OS PARÂMETROS DENTRO DO LIMITE.
2025-10-07 12:38:30,TOTEM17,PERIGOSO,46.1%,94.4%,98.3%,NAO,SIM,SIM,239,LIMITES EXCEDIDOS
2025-10-07 12:03:15,TOTEM21,OK,55.9%,17.2%,60.3%,NAO,NAO,NAO,93,TODOS OS PARÂMETROS DENTRO DO LIMITE.
2025-10-07 12:37:30,TOTEM40,PERIGOSO,92.4%,50.4%,93.7%,SIM,NAO,SIM,170,LIMITES EXCEDIDOS
2025-10-07 12:10:45,TOTEM36,OK,6.5%,50.5%,48.4%,NAO,NAO,NAO,175,TODOS OS PARÂMETROS DENTRO DO LIMITE.
2025-10-07 12:05:00,TOTEM21,OK,46.6%,23.6%,55.1%,NAO,NAO,NAO,156,TODOS OS PARÂMETROS DENTRO DO LIMITE.
2025-10-07 12:25:15,TOTEM20,ATENCAO,81.5%,24.5%,30.8%,SIM,NAO,NAO,230,LIMITES EXCEDIDOS
2025-10-07 12:25:45,TOTEM35,ATENCAO,6.9%,17.9%,95.0%,NAO,NAO,SIM,189,LIMITES EXCEDIDOS
2025-10-07 12:20:45,TOTEM39,ATENCAO,91.4%,59.2%,49.4%,SIM,NAO,NAO,250,LIMITES EXCEDIDOS
2025-10-07 12:28:00,TOTEM17,ATENCAO,36.2%,63.0%,93.2%,NAO,NAO,SIM,108,LIMITES EXCEDIDOS
2025-10-07 12:46:45,TOTEM22,MUITO_PERIGOSO,86.6%,94.1%,92.4%,SIM,SIM,SIM,157,LIMITES EXCEDIDOS
2025-10-07 12:18:45,TOTEM11,OK,41.9%,64.6%,56.3%,NAO,NAO,NAO,212,TODOS OS PARÂMETROS DENTRO DO LIMITE.
2025-10-07 12:32:45,TOTEM23,ATENCAO,55.2%,63.9%,97.2%,NAO,NAO,SIM,177,LIMITES EXCEDIDOS
2025-10-07 12:31:15,TOTEM25,ATENCAO,43.5%,93.4%,8.6%,NAO,SIM,NAO,124,LIMITES EXCEDIDOS
2025-10-07 12:16:00,TOTEM21,OK,59.3%,20.5%,14.9%,NAO,NAO,NAO,94,TODOS OS PARÂMETROS DENTRO DO LIMITE.
2025-10-07 12:19:30,TOTEM17,OK,34.5%,7.1%,10.4%,NAO,NAO,NAO,111,TODOS OS PARÂMETROS DENTRO DO LIMITE.
2025-10-07 12:19:45,TOTEM01,OK,49.9%,19.7%,48.7%,NAO,NAO,NAO,249,TODOS OS PARÂMETROS DENTRO DO LIMITE.
